"filename", "language", "JavaScript", "XML", "PHP", "JSON", "CSS", "SCSS", "Markdown", "comment", "blank", "total"
"c:\Users\asusvivobook\Desktop\Laravel\admin-movie\README.md", "Markdown", 0, 0, 0, 0, 0, 0, 45, 0, 22, 67
"c:\Users\asusvivobook\Desktop\Laravel\admin-movie\app\Api\ResponseTrait.php", "PHP", 0, 0, 20, 0, 0, 0, 0, 0, 4, 24
"c:\Users\asusvivobook\Desktop\Laravel\admin-movie\app\Http\Controllers\Api\Admin\AdminApiController.php", "PHP", 0, 0, 78, 0, 0, 0, 0, 0, 26, 104
"c:\Users\asusvivobook\Desktop\Laravel\admin-movie\app\Http\Controllers\Api\Movie\MovieApiController.php", "PHP", 0, 0, 130, 0, 0, 0, 0, 0, 52, 182
"c:\Users\asusvivobook\Desktop\Laravel\admin-movie\app\Http\Controllers\Api\User\UserController.php", "PHP", 0, 0, 43, 0, 0, 0, 0, 0, 20, 63
"c:\Users\asusvivobook\Desktop\Laravel\admin-movie\app\Http\Controllers\Controller.php", "PHP", 0, 0, 5, 0, 0, 0, 0, 1, 3, 9
"c:\Users\asusvivobook\Desktop\Laravel\admin-movie\app\Http\Controllers\Web\Admin\AdminController.php", "PHP", 0, 0, 55, 0, 0, 0, 0, 21, 16, 92
"c:\Users\asusvivobook\Desktop\Laravel\admin-movie\app\Http\Controllers\Web\Dashboard\DashboardController.php", "PHP", 0, 0, 19, 0, 0, 0, 0, 0, 5, 24
"c:\Users\asusvivobook\Desktop\Laravel\admin-movie\app\Http\Controllers\Web\Movie\MovieController.php", "PHP", 0, 0, 131, 0, 0, 0, 0, 23, 32, 186
"c:\Users\asusvivobook\Desktop\Laravel\admin-movie\app\Http\Requests\Admin\AdminRegisterRequest.php", "PHP", 0, 0, 21, 0, 0, 0, 0, 8, 5, 34
"c:\Users\asusvivobook\Desktop\Laravel\admin-movie\app\Http\Requests\Admin\AdminUpdateRequest.php", "PHP", 0, 0, 21, 0, 0, 0, 0, 8, 5, 34
"c:\Users\asusvivobook\Desktop\Laravel\admin-movie\app\Http\Requests\Movie\MovieStoreRequest.php", "PHP", 0, 0, 28, 0, 0, 0, 0, 8, 5, 41
"c:\Users\asusvivobook\Desktop\Laravel\admin-movie\app\Http\Requests\Movie\MovieUpdateRequest.php", "PHP", 0, 0, 28, 0, 0, 0, 0, 8, 5, 41
"c:\Users\asusvivobook\Desktop\Laravel\admin-movie\app\Http\Requests\User\UserLoginRequest.php", "PHP", 0, 0, 18, 0, 0, 0, 0, 8, 5, 31
"c:\Users\asusvivobook\Desktop\Laravel\admin-movie\app\Http\Requests\User\UserRegisterRequest.php", "PHP", 0, 0, 19, 0, 0, 0, 0, 8, 5, 32
"c:\Users\asusvivobook\Desktop\Laravel\admin-movie\app\Http\Resources\ActorResource.php", "PHP", 0, 0, 15, 0, 0, 0, 0, 5, 4, 24
"c:\Users\asusvivobook\Desktop\Laravel\admin-movie\app\Http\Resources\GenreResource.php", "PHP", 0, 0, 13, 0, 0, 0, 0, 5, 4, 22
"c:\Users\asusvivobook\Desktop\Laravel\admin-movie\app\Http\Resources\MovieResource.php", "PHP", 0, 0, 25, 0, 0, 0, 0, 5, 4, 34
"c:\Users\asusvivobook\Desktop\Laravel\admin-movie\app\Http\Resources\UserResource.php", "PHP", 0, 0, 18, 0, 0, 0, 0, 5, 4, 27
"c:\Users\asusvivobook\Desktop\Laravel\admin-movie\app\Models\Actor.php", "PHP", 0, 0, 13, 0, 0, 0, 0, 0, 5, 18
"c:\Users\asusvivobook\Desktop\Laravel\admin-movie\app\Models\Admin.php", "PHP", 0, 0, 24, 0, 0, 0, 0, 8, 9, 41
"c:\Users\asusvivobook\Desktop\Laravel\admin-movie\app\Models\Director.php", "PHP", 0, 0, 12, 0, 0, 0, 0, 0, 5, 17
"c:\Users\asusvivobook\Desktop\Laravel\admin-movie\app\Models\Genre.php", "PHP", 0, 0, 12, 0, 0, 0, 0, 4, 6, 22
"c:\Users\asusvivobook\Desktop\Laravel\admin-movie\app\Models\Movie.php", "PHP", 0, 0, 51, 0, 0, 0, 0, 4, 14, 69
"c:\Users\asusvivobook\Desktop\Laravel\admin-movie\app\Models\Production.php", "PHP", 0, 0, 12, 0, 0, 0, 0, 0, 5, 17
"c:\Users\asusvivobook\Desktop\Laravel\admin-movie\app\Models\Role.php", "PHP", 0, 0, 12, 0, 0, 0, 0, 0, 5, 17
"c:\Users\asusvivobook\Desktop\Laravel\admin-movie\app\Models\Type.php", "PHP", 0, 0, 12, 0, 0, 0, 0, 0, 5, 17
"c:\Users\asusvivobook\Desktop\Laravel\admin-movie\app\Models\User.php", "PHP", 0, 0, 30, 0, 0, 0, 0, 17, 8, 55
"c:\Users\asusvivobook\Desktop\Laravel\admin-movie\app\Providers\AppServiceProvider.php", "PHP", 0, 0, 12, 0, 0, 0, 0, 8, 5, 25
"c:\Users\asusvivobook\Desktop\Laravel\admin-movie\bootstrap\app.php", "PHP", 0, 0, 15, 0, 0, 0, 0, 2, 3, 20
"c:\Users\asusvivobook\Desktop\Laravel\admin-movie\bootstrap\providers.php", "PHP", 0, 0, 4, 0, 0, 0, 0, 0, 2, 6
"c:\Users\asusvivobook\Desktop\Laravel\admin-movie\composer.json", "JSON", 0, 0, 0, 73, 0, 0, 0, 0, 1, 74
"c:\Users\asusvivobook\Desktop\Laravel\admin-movie\composer.lock", "JSON", 0, 0, 0, 8214, 0, 0, 0, 0, 1, 8215
"c:\Users\asusvivobook\Desktop\Laravel\admin-movie\config\app.php", "PHP", 0, 0, 22, 0, 0, 0, 0, 82, 23, 127
"c:\Users\asusvivobook\Desktop\Laravel\admin-movie\config\auth.php", "PHP", 0, 0, 28, 0, 0, 0, 0, 74, 14, 116
"c:\Users\asusvivobook\Desktop\Laravel\admin-movie\config\cache.php", "PHP", 0, 0, 57, 0, 0, 0, 0, 34, 18, 109
"c:\Users\asusvivobook\Desktop\Laravel\admin-movie\config\database.php", "PHP", 0, 0, 108, 0, 0, 0, 0, 43, 23, 174
"c:\Users\asusvivobook\Desktop\Laravel\admin-movie\config\filesystems.php", "PHP", 0, 0, 33, 0, 0, 0, 0, 32, 13, 78
"c:\Users\asusvivobook\Desktop\Laravel\admin-movie\config\logging.php", "PHP", 0, 0, 79, 0, 0, 0, 0, 33, 21, 133
"c:\Users\asusvivobook\Desktop\Laravel\admin-movie\config\mail.php", "PHP", 0, 0, 55, 0, 0, 0, 0, 43, 19, 117
"c:\Users\asusvivobook\Desktop\Laravel\admin-movie\config\queue.php", "PHP", 0, 0, 52, 0, 0, 0, 0, 44, 17, 113
"c:\Users\asusvivobook\Desktop\Laravel\admin-movie\config\sanctum.php", "PHP", 0, 0, 17, 0, 0, 0, 0, 53, 14, 84
"c:\Users\asusvivobook\Desktop\Laravel\admin-movie\config\services.php", "PHP", 0, 0, 20, 0, 0, 0, 0, 11, 8, 39
"c:\Users\asusvivobook\Desktop\Laravel\admin-movie\config\session.php", "PHP", 0, 0, 23, 0, 0, 0, 0, 160, 35, 218
"c:\Users\asusvivobook\Desktop\Laravel\admin-movie\database\factories\ActorFactory.php", "PHP", 0, 0, 15, 0, 0, 0, 0, 8, 5, 28
"c:\Users\asusvivobook\Desktop\Laravel\admin-movie\database\factories\AdminFactory.php", "PHP", 0, 0, 17, 0, 0, 0, 0, 8, 4, 29
"c:\Users\asusvivobook\Desktop\Laravel\admin-movie\database\factories\DirectorFactory.php", "PHP", 0, 0, 13, 0, 0, 0, 0, 8, 4, 25
"c:\Users\asusvivobook\Desktop\Laravel\admin-movie\database\factories\MovieFactory.php", "PHP", 0, 0, 21, 0, 0, 0, 0, 8, 4, 33
"c:\Users\asusvivobook\Desktop\Laravel\admin-movie\database\factories\ProductionFactory.php", "PHP", 0, 0, 12, 0, 0, 0, 0, 8, 4, 24
"c:\Users\asusvivobook\Desktop\Laravel\admin-movie\database\factories\UserFactory.php", "PHP", 0, 0, 23, 0, 0, 0, 0, 17, 6, 46
"c:\Users\asusvivobook\Desktop\Laravel\admin-movie\database\migrations\0001_01_01_000000_create_users_table.php", "PHP", 0, 0, 31, 0, 0, 0, 0, 12, 6, 49
"c:\Users\asusvivobook\Desktop\Laravel\admin-movie\database\migrations\0001_01_01_000001_create_cache_table.php", "PHP", 0, 0, 25, 0, 0, 0, 0, 6, 5, 36
"c:\Users\asusvivobook\Desktop\Laravel\admin-movie\database\migrations\0001_01_01_000002_create_jobs_table.php", "PHP", 0, 0, 46, 0, 0, 0, 0, 6, 6, 58
"c:\Users\asusvivobook\Desktop\Laravel\admin-movie\database\migrations\2025_01_08_064728_create_directors_table.php", "PHP", 0, 0, 20, 0, 0, 0, 0, 6, 4, 30
"c:\Users\asusvivobook\Desktop\Laravel\admin-movie\database\migrations\2025_01_08_064910_create_types_table.php", "PHP", 0, 0, 19, 0, 0, 0, 0, 6, 4, 29
"c:\Users\asusvivobook\Desktop\Laravel\admin-movie\database\migrations\2025_01_08_065159_create_productions_table.php", "PHP", 0, 0, 19, 0, 0, 0, 0, 6, 4, 29
"c:\Users\asusvivobook\Desktop\Laravel\admin-movie\database\migrations\2025_01_08_065318_create_roles_table.php", "PHP", 0, 0, 19, 0, 0, 0, 0, 6, 4, 29
"c:\Users\asusvivobook\Desktop\Laravel\admin-movie\database\migrations\2025_01_08_065422_create_actors_table.php", "PHP", 0, 0, 21, 0, 0, 0, 0, 6, 4, 31
"c:\Users\asusvivobook\Desktop\Laravel\admin-movie\database\migrations\2025_01_09_044646_create_genres_table.php", "PHP", 0, 0, 20, 0, 0, 0, 0, 6, 4, 30
"c:\Users\asusvivobook\Desktop\Laravel\admin-movie\database\migrations\2025_01_09_044712_create_admins_table.php", "PHP", 0, 0, 23, 0, 0, 0, 0, 6, 4, 33
"c:\Users\asusvivobook\Desktop\Laravel\admin-movie\database\migrations\2025_01_09_045213_create_movies_table.php", "PHP", 0, 0, 29, 0, 0, 0, 0, 6, 4, 39
"c:\Users\asusvivobook\Desktop\Laravel\admin-movie\database\migrations\2025_01_09_045746_create_genre_movie_table.php", "PHP", 0, 0, 20, 0, 0, 0, 0, 6, 4, 30
"c:\Users\asusvivobook\Desktop\Laravel\admin-movie\database\migrations\2025_01_09_045935_create_actor_movie_table.php", "PHP", 0, 0, 20, 0, 0, 0, 0, 6, 4, 30
"c:\Users\asusvivobook\Desktop\Laravel\admin-movie\database\migrations\2025_01_09_050206_create_admin_genre_table.php", "PHP", 0, 0, 21, 0, 0, 0, 0, 6, 4, 31
"c:\Users\asusvivobook\Desktop\Laravel\admin-movie\database\migrations\2025_01_09_050243_create_admin_movie_table.php", "PHP", 0, 0, 21, 0, 0, 0, 0, 6, 4, 31
"c:\Users\asusvivobook\Desktop\Laravel\admin-movie\database\migrations\2025_01_13_091419_create_personal_access_tokens_table.php", "PHP", 0, 0, 24, 0, 0, 0, 0, 6, 4, 34
"c:\Users\asusvivobook\Desktop\Laravel\admin-movie\database\migrations\2025_01_14_050805_create_favourite_movies_table.php", "PHP", 0, 0, 20, 0, 0, 0, 0, 6, 4, 30
"c:\Users\asusvivobook\Desktop\Laravel\admin-movie\database\migrations\2025_01_14_073426_create_movie_user.php", "PHP", 0, 0, 20, 0, 0, 0, 0, 6, 4, 30
"c:\Users\asusvivobook\Desktop\Laravel\admin-movie\database\seeders\ActorSeeder.php", "PHP", 0, 0, 12, 0, 0, 0, 0, 3, 4, 19
"c:\Users\asusvivobook\Desktop\Laravel\admin-movie\database\seeders\AdminSeeder.php", "PHP", 0, 0, 21, 0, 0, 0, 0, 3, 5, 29
"c:\Users\asusvivobook\Desktop\Laravel\admin-movie\database\seeders\DatabaseSeeder.php", "PHP", 0, 0, 23, 0, 0, 0, 0, 4, 4, 31
"c:\Users\asusvivobook\Desktop\Laravel\admin-movie\database\seeders\DirectorSeeder.php", "PHP", 0, 0, 12, 0, 0, 0, 0, 3, 4, 19
"c:\Users\asusvivobook\Desktop\Laravel\admin-movie\database\seeders\GenreSeeder.php", "PHP", 0, 0, 62, 0, 0, 0, 0, 3, 5, 70
"c:\Users\asusvivobook\Desktop\Laravel\admin-movie\database\seeders\MovieSeeder.php", "PHP", 0, 0, 12, 0, 0, 0, 0, 3, 4, 19
"c:\Users\asusvivobook\Desktop\Laravel\admin-movie\database\seeders\ProductionSeeder.php", "PHP", 0, 0, 12, 0, 0, 0, 0, 3, 4, 19
"c:\Users\asusvivobook\Desktop\Laravel\admin-movie\database\seeders\RoleSeeder.php", "PHP", 0, 0, 18, 0, 0, 0, 0, 3, 5, 26
"c:\Users\asusvivobook\Desktop\Laravel\admin-movie\database\seeders\TypeSeeder.php", "PHP", 0, 0, 17, 0, 0, 0, 0, 3, 5, 25
"c:\Users\asusvivobook\Desktop\Laravel\admin-movie\package-lock.json", "JSON", 0, 0, 0, 3394, 0, 0, 0, 0, 1, 3395
"c:\Users\asusvivobook\Desktop\Laravel\admin-movie\package.json", "JSON", 0, 0, 0, 20, 0, 0, 0, 0, 1, 21
"c:\Users\asusvivobook\Desktop\Laravel\admin-movie\phpunit.xml", "XML", 0, 31, 0, 0, 0, 0, 0, 2, 1, 34
"c:\Users\asusvivobook\Desktop\Laravel\admin-movie\postcss.config.js", "JavaScript", 6, 0, 0, 0, 0, 0, 0, 0, 1, 7
"c:\Users\asusvivobook\Desktop\Laravel\admin-movie\public\assets\css\demo.css", "CSS", 0, 0, 0, 0, 35, 0, 0, 0, 5, 40
"c:\Users\asusvivobook\Desktop\Laravel\admin-movie\public\assets\css\docs.css", "CSS", 0, 0, 0, 0, 1237, 0, 0, 5, 185, 1427
"c:\Users\asusvivobook\Desktop\Laravel\admin-movie\public\assets\css\material-dashboard.css", "CSS", 0, 0, 0, 0, 15583, 0, 0, 139, 1849, 17571
"c:\Users\asusvivobook\Desktop\Laravel\admin-movie\public\assets\css\material-dashboard.min.css", "CSS", 0, 0, 0, 0, 13, 0, 0, 64, 11, 88
"c:\Users\asusvivobook\Desktop\Laravel\admin-movie\public\assets\css\nextjs-material-dashboard-pro.min.css", "CSS", 0, 0, 0, 0, 2, 0, 0, 16, 1, 19
"c:\Users\asusvivobook\Desktop\Laravel\admin-movie\public\assets\css\nucleo-icons.css", "CSS", 0, 0, 0, 0, 441, 0, 0, 28, 128, 597
"c:\Users\asusvivobook\Desktop\Laravel\admin-movie\public\assets\css\nucleo-svg.css", "CSS", 0, 0, 0, 0, 77, 0, 0, 34, 24, 135
"c:\Users\asusvivobook\Desktop\Laravel\admin-movie\public\assets\fonts\nucleo-icons.svg", "XML", 0, 312, 0, 0, 0, 0, 0, 0, 1, 313
"c:\Users\asusvivobook\Desktop\Laravel\admin-movie\public\assets\img\down-arrow-dark.svg", "XML", 0, 11, 0, 0, 0, 0, 0, 0, 1, 12
"c:\Users\asusvivobook\Desktop\Laravel\admin-movie\public\assets\img\down-arrow-white.svg", "XML", 0, 1, 0, 0, 0, 0, 0, 0, 0, 1
"c:\Users\asusvivobook\Desktop\Laravel\admin-movie\public\assets\img\down-arrow.svg", "XML", 0, 11, 0, 0, 0, 0, 0, 0, 0, 11
"c:\Users\asusvivobook\Desktop\Laravel\admin-movie\public\assets\img\illustrations\pattern-tree.svg", "XML", 0, 20, 0, 0, 0, 0, 0, 0, 0, 20
"c:\Users\asusvivobook\Desktop\Laravel\admin-movie\public\assets\img\landscape.svg", "XML", 0, 5, 0, 0, 0, 0, 0, 0, 0, 5
"c:\Users\asusvivobook\Desktop\Laravel\admin-movie\public\assets\img\laravel-1.svg", "XML", 0, 1, 0, 0, 0, 0, 0, 0, 0, 1
"c:\Users\asusvivobook\Desktop\Laravel\admin-movie\public\assets\img\logos\gray-logos\logo-coinbase.svg", "XML", 0, 16, 0, 0, 0, 0, 0, 0, 0, 16
"c:\Users\asusvivobook\Desktop\Laravel\admin-movie\public\assets\img\logos\gray-logos\logo-nasa.svg", "XML", 0, 9, 0, 0, 0, 0, 0, 0, 0, 9
"c:\Users\asusvivobook\Desktop\Laravel\admin-movie\public\assets\img\logos\gray-logos\logo-netflix.svg", "XML", 0, 9, 0, 0, 0, 0, 0, 0, 0, 9
"c:\Users\asusvivobook\Desktop\Laravel\admin-movie\public\assets\img\logos\gray-logos\logo-pinterest.svg", "XML", 0, 9, 0, 0, 0, 0, 0, 0, 0, 9
"c:\Users\asusvivobook\Desktop\Laravel\admin-movie\public\assets\img\logos\gray-logos\logo-spotify.svg", "XML", 0, 9, 0, 0, 0, 0, 0, 0, 0, 9
"c:\Users\asusvivobook\Desktop\Laravel\admin-movie\public\assets\img\logos\gray-logos\logo-vodafone.svg", "XML", 0, 9, 0, 0, 0, 0, 0, 0, 0, 9
"c:\Users\asusvivobook\Desktop\Laravel\admin-movie\public\assets\img\shapes\pattern-lines.svg", "XML", 0, 91, 0, 0, 0, 0, 0, 0, 0, 91
"c:\Users\asusvivobook\Desktop\Laravel\admin-movie\public\assets\img\shapes\waves-white.svg", "XML", 0, 324, 0, 0, 0, 0, 0, 0, 0, 324
"c:\Users\asusvivobook\Desktop\Laravel\admin-movie\public\assets\img\small-logos\bootstrap.svg", "XML", 0, 9, 0, 0, 0, 0, 0, 0, 0, 9
"c:\Users\asusvivobook\Desktop\Laravel\admin-movie\public\assets\img\small-logos\creative-tim.svg", "XML", 0, 7, 0, 0, 0, 0, 0, 0, 0, 7
"c:\Users\asusvivobook\Desktop\Laravel\admin-movie\public\assets\img\small-logos\devto.svg", "XML", 0, 9, 0, 0, 0, 0, 0, 0, 0, 9
"c:\Users\asusvivobook\Desktop\Laravel\admin-movie\public\assets\img\small-logos\github.svg", "XML", 0, 10, 0, 0, 0, 0, 0, 0, 0, 10
"c:\Users\asusvivobook\Desktop\Laravel\admin-movie\public\assets\img\small-logos\google-webdev.svg", "XML", 0, 11, 0, 0, 0, 0, 0, 0, 0, 11
"c:\Users\asusvivobook\Desktop\Laravel\admin-movie\public\assets\img\small-logos\icon-bulb.svg", "XML", 0, 37, 0, 0, 0, 0, 0, 0, 0, 37
"c:\Users\asusvivobook\Desktop\Laravel\admin-movie\public\assets\img\small-logos\logo-asana.svg", "XML", 0, 16, 0, 0, 0, 0, 0, 0, 0, 16
"c:\Users\asusvivobook\Desktop\Laravel\admin-movie\public\assets\img\small-logos\logo-atlassian.svg", "XML", 0, 16, 0, 0, 0, 0, 0, 0, 0, 16
"c:\Users\asusvivobook\Desktop\Laravel\admin-movie\public\assets\img\small-logos\logo-invision.svg", "XML", 0, 10, 0, 0, 0, 0, 0, 0, 0, 10
"c:\Users\asusvivobook\Desktop\Laravel\admin-movie\public\assets\img\small-logos\logo-jira.svg", "XML", 0, 21, 0, 0, 0, 0, 0, 0, 0, 21
"c:\Users\asusvivobook\Desktop\Laravel\admin-movie\public\assets\img\small-logos\logo-slack.svg", "XML", 0, 12, 0, 0, 0, 0, 0, 0, 0, 12
"c:\Users\asusvivobook\Desktop\Laravel\admin-movie\public\assets\img\small-logos\logo-spotify.svg", "XML", 0, 9, 0, 0, 0, 0, 0, 0, 0, 9
"c:\Users\asusvivobook\Desktop\Laravel\admin-movie\public\assets\img\small-logos\logo-xd.svg", "XML", 0, 11, 0, 0, 0, 0, 0, 0, 0, 11
"c:\Users\asusvivobook\Desktop\Laravel\admin-movie\public\assets\js\chartjs.min.js", "JavaScript", 2, 0, 0, 0, 0, 0, 0, 11, 1, 14
"c:\Users\asusvivobook\Desktop\Laravel\admin-movie\public\assets\js\choices.min.js", "JavaScript", 2, 0, 0, 0, 0, 0, 0, 10, 0, 12
"c:\Users\asusvivobook\Desktop\Laravel\admin-movie\public\assets\js\core\bootstrap.bundle.min.js", "JavaScript", 1, 0, 0, 0, 0, 0, 0, 6, 0, 7
"c:\Users\asusvivobook\Desktop\Laravel\admin-movie\public\assets\js\core\bootstrap.min.js", "JavaScript", 1, 0, 0, 0, 0, 0, 0, 6, 0, 7
"c:\Users\asusvivobook\Desktop\Laravel\admin-movie\public\assets\js\core\popper.min.js", "JavaScript", 1, 0, 0, 0, 0, 0, 0, 3, 2, 6
"c:\Users\asusvivobook\Desktop\Laravel\admin-movie\public\assets\js\countup.min.js", "JavaScript", 1, 0, 0, 0, 0, 0, 0, 0, 1, 2
"c:\Users\asusvivobook\Desktop\Laravel\admin-movie\public\assets\js\datatables.js", "JavaScript", 1, 0, 0, 0, 0, 0, 0, 7, 1, 9
"c:\Users\asusvivobook\Desktop\Laravel\admin-movie\public\assets\js\docs.js", "JavaScript", 31, 0, 0, 0, 0, 0, 0, 3, 1, 35
"c:\Users\asusvivobook\Desktop\Laravel\admin-movie\public\assets\js\docs.min.js", "JavaScript", 3, 0, 0, 0, 0, 0, 0, 16, 0, 19
"c:\Users\asusvivobook\Desktop\Laravel\admin-movie\public\assets\js\dragula.min.js", "JavaScript", 1, 0, 0, 0, 0, 0, 0, 0, 0, 1
"c:\Users\asusvivobook\Desktop\Laravel\admin-movie\public\assets\js\dropzone.min.js", "JavaScript", 1, 0, 0, 0, 0, 0, 0, 0, 1, 2
"c:\Users\asusvivobook\Desktop\Laravel\admin-movie\public\assets\js\flatpickr.min.js", "JavaScript", 1, 0, 0, 0, 0, 0, 0, 1, 1, 3
"c:\Users\asusvivobook\Desktop\Laravel\admin-movie\public\assets\js\fullcalendar.min.js", "JavaScript", 1, 0, 0, 0, 0, 0, 0, 5, 0, 6
"c:\Users\asusvivobook\Desktop\Laravel\admin-movie\public\assets\js\holder.min.js", "JavaScript", 2, 0, 0, 0, 0, 0, 0, 11, 0, 13
"c:\Users\asusvivobook\Desktop\Laravel\admin-movie\public\assets\js\jkanban.js", "JavaScript", 1447, 0, 0, 0, 0, 0, 0, 75, 175, 1697
"c:\Users\asusvivobook\Desktop\Laravel\admin-movie\public\assets\js\jquery.min.js", "JavaScript", 1, 0, 0, 0, 0, 0, 0, 1, 1, 3
"c:\Users\asusvivobook\Desktop\Laravel\admin-movie\public\assets\js\material-dashboard.js", "JavaScript", 673, 0, 0, 0, 0, 0, 0, 31, 105, 809
"c:\Users\asusvivobook\Desktop\Laravel\admin-movie\public\assets\js\material-dashboard.min.js", "JavaScript", 1, 0, 0, 0, 0, 0, 0, 1, 0, 2
"c:\Users\asusvivobook\Desktop\Laravel\admin-movie\public\assets\js\moment.min.js", "JavaScript", 2, 0, 0, 0, 0, 0, 0, 5, 0, 7
"c:\Users\asusvivobook\Desktop\Laravel\admin-movie\public\assets\js\multistep-form.js", "JavaScript", 86, 0, 0, 0, 0, 0, 0, 23, 59, 168
"c:\Users\asusvivobook\Desktop\Laravel\admin-movie\public\assets\js\nouislider.min.js", "JavaScript", 1, 0, 0, 0, 0, 0, 0, 1, 1, 3
"c:\Users\asusvivobook\Desktop\Laravel\admin-movie\public\assets\js\photoswipe-ui-default.min.js", "JavaScript", 660, 0, 0, 0, 0, 0, 0, 45, 154, 859
"c:\Users\asusvivobook\Desktop\Laravel\admin-movie\public\assets\js\photoswipe.min.js", "JavaScript", 1, 0, 0, 0, 0, 0, 0, 3, 1, 5
"c:\Users\asusvivobook\Desktop\Laravel\admin-movie\public\assets\js\plugins\Chart.extension.js", "JavaScript", 93, 0, 0, 0, 0, 0, 0, 20, 17, 130
"c:\Users\asusvivobook\Desktop\Laravel\admin-movie\public\assets\js\plugins\bootstrap-notify.js", "JavaScript", 360, 0, 0, 0, 0, 0, 0, 31, 41, 432
"c:\Users\asusvivobook\Desktop\Laravel\admin-movie\public\assets\js\plugins\chartjs.min.js", "JavaScript", 2, 0, 0, 0, 0, 0, 0, 11, 1, 14
"c:\Users\asusvivobook\Desktop\Laravel\admin-movie\public\assets\js\plugins\perfect-scrollbar.min.js", "JavaScript", 13, 0, 0, 0, 0, 0, 0, 6, 1, 20
"c:\Users\asusvivobook\Desktop\Laravel\admin-movie\public\assets\js\plugins\smooth-scrollbar.min.js", "JavaScript", 3, 0, 0, 0, 0, 0, 0, 22, 1, 26
"c:\Users\asusvivobook\Desktop\Laravel\admin-movie\public\assets\js\plugins\sweetalert.min.js", "JavaScript", 1, 0, 0, 0, 0, 0, 0, 4, 1, 6
"c:\Users\asusvivobook\Desktop\Laravel\admin-movie\public\assets\js\plugins\world.js", "JavaScript", 2450, 0, 0, 0, 0, 0, 0, 1, 13, 2464
"c:\Users\asusvivobook\Desktop\Laravel\admin-movie\public\assets\js\prism.js", "JavaScript", 745, 0, 0, 0, 0, 0, 0, 103, 179, 1027
"c:\Users\asusvivobook\Desktop\Laravel\admin-movie\public\assets\js\quill.min.js", "JavaScript", 1, 0, 0, 0, 0, 0, 0, 6, 1, 8
"c:\Users\asusvivobook\Desktop\Laravel\admin-movie\public\assets\js\round-slider.min.js", "JavaScript", 123, 0, 0, 0, 0, 0, 0, 146, 3, 272
"c:\Users\asusvivobook\Desktop\Laravel\admin-movie\public\assets\scss\material-dashboard.scss", "SCSS", 0, 0, 0, 0, 0, 6, 0, 18, 7, 31
"c:\Users\asusvivobook\Desktop\Laravel\admin-movie\public\assets\scss\material-dashboard\_accordion.scss", "SCSS", 0, 0, 0, 0, 0, 24, 0, 0, 5, 29
"c:\Users\asusvivobook\Desktop\Laravel\admin-movie\public\assets\scss\material-dashboard\_alert.scss", "SCSS", 0, 0, 0, 0, 0, 15, 0, 0, 3, 18
"c:\Users\asusvivobook\Desktop\Laravel\admin-movie\public\assets\scss\material-dashboard\_avatars.scss", "SCSS", 0, 0, 0, 0, 0, 85, 0, 10, 29, 124
"c:\Users\asusvivobook\Desktop\Laravel\admin-movie\public\assets\scss\material-dashboard\_backgrounds.scss", "SCSS", 0, 0, 0, 0, 0, 15, 0, 0, 5, 20
"c:\Users\asusvivobook\Desktop\Laravel\admin-movie\public\assets\scss\material-dashboard\_badge.scss", "SCSS", 0, 0, 0, 0, 0, 8, 0, 0, 1, 9
"c:\Users\asusvivobook\Desktop\Laravel\admin-movie\public\assets\scss\material-dashboard\_breadcrumbs.scss", "SCSS", 0, 0, 0, 0, 0, 33, 0, 4, 12, 49
"c:\Users\asusvivobook\Desktop\Laravel\admin-movie\public\assets\scss\material-dashboard\_buttons.scss", "SCSS", 0, 0, 0, 0, 0, 163, 0, 2, 26, 191
"c:\Users\asusvivobook\Desktop\Laravel\admin-movie\public\assets\scss\material-dashboard\_cards-extend.scss", "SCSS", 0, 0, 0, 0, 0, 4, 0, 0, 1, 5
"c:\Users\asusvivobook\Desktop\Laravel\admin-movie\public\assets\scss\material-dashboard\_cards.scss", "SCSS", 0, 0, 0, 0, 0, 50, 0, 0, 11, 61
"c:\Users\asusvivobook\Desktop\Laravel\admin-movie\public\assets\scss\material-dashboard\_components.scss", "SCSS", 0, 0, 0, 0, 0, 4, 0, 1, 1, 6
"c:\Users\asusvivobook\Desktop\Laravel\admin-movie\public\assets\scss\material-dashboard\_dark-version.scss", "SCSS", 0, 0, 0, 0, 0, 197, 0, 3, 39, 239
"c:\Users\asusvivobook\Desktop\Laravel\admin-movie\public\assets\scss\material-dashboard\_dropdown-extend.scss", "SCSS", 0, 0, 0, 0, 0, 22, 0, 2, 8, 32
"c:\Users\asusvivobook\Desktop\Laravel\admin-movie\public\assets\scss\material-dashboard\_dropdown.scss", "SCSS", 0, 0, 0, 0, 0, 254, 0, 2, 37, 293
"c:\Users\asusvivobook\Desktop\Laravel\admin-movie\public\assets\scss\material-dashboard\_dropup.scss", "SCSS", 0, 0, 0, 0, 0, 38, 0, 0, 3, 41
"c:\Users\asusvivobook\Desktop\Laravel\admin-movie\public\assets\scss\material-dashboard\_fixed-plugin.scss", "SCSS", 0, 0, 0, 0, 0, 57, 0, 0, 4, 61
"c:\Users\asusvivobook\Desktop\Laravel\admin-movie\public\assets\scss\material-dashboard\_floating-elements.scss", "SCSS", 0, 0, 0, 0, 0, 61, 0, 1, 12, 74
"c:\Users\asusvivobook\Desktop\Laravel\admin-movie\public\assets\scss\material-dashboard\_footer.scss", "SCSS", 0, 0, 0, 0, 0, 16, 0, 0, 2, 18
"c:\Users\asusvivobook\Desktop\Laravel\admin-movie\public\assets\scss\material-dashboard\_forms.scss", "SCSS", 0, 0, 0, 0, 0, 37, 0, 0, 13, 50
"c:\Users\asusvivobook\Desktop\Laravel\admin-movie\public\assets\scss\material-dashboard\_gradients.scss", "SCSS", 0, 0, 0, 0, 0, 15, 0, 0, 4, 19
"c:\Users\asusvivobook\Desktop\Laravel\admin-movie\public\assets\scss\material-dashboard\_header.scss", "SCSS", 0, 0, 0, 0, 0, 23, 0, 0, 3, 26
"c:\Users\asusvivobook\Desktop\Laravel\admin-movie\public\assets\scss\material-dashboard\_icons.scss", "SCSS", 0, 0, 0, 0, 0, 24, 0, 4, 5, 33
"c:\Users\asusvivobook\Desktop\Laravel\admin-movie\public\assets\scss\material-dashboard\_info-areas.scss", "SCSS", 0, 0, 0, 0, 0, 154, 0, 1, 24, 179
"c:\Users\asusvivobook\Desktop\Laravel\admin-movie\public\assets\scss\material-dashboard\_list-check.scss", "SCSS", 0, 0, 0, 0, 0, 19, 0, 3, 4, 26
"c:\Users\asusvivobook\Desktop\Laravel\admin-movie\public\assets\scss\material-dashboard\_misc-extend.scss", "SCSS", 0, 0, 0, 0, 0, 195, 0, 11, 39, 245
"c:\Users\asusvivobook\Desktop\Laravel\admin-movie\public\assets\scss\material-dashboard\_misc.scss", "SCSS", 0, 0, 0, 0, 0, 279, 0, 17, 70, 366
"c:\Users\asusvivobook\Desktop\Laravel\admin-movie\public\assets\scss\material-dashboard\_nav.scss", "SCSS", 0, 0, 0, 0, 0, 123, 0, 0, 1, 124
"c:\Users\asusvivobook\Desktop\Laravel\admin-movie\public\assets\scss\material-dashboard\_navbar-vertical.scss", "SCSS", 0, 0, 0, 0, 0, 609, 0, 26, 72, 707
"c:\Users\asusvivobook\Desktop\Laravel\admin-movie\public\assets\scss\material-dashboard\_navbar.scss", "SCSS", 0, 0, 0, 0, 0, 192, 0, 0, 29, 221
"c:\Users\asusvivobook\Desktop\Laravel\admin-movie\public\assets\scss\material-dashboard\_pagination.scss", "SCSS", 0, 0, 0, 0, 0, 52, 0, 1, 6, 59
"c:\Users\asusvivobook\Desktop\Laravel\admin-movie\public\assets\scss\material-dashboard\_popovers.scss", "SCSS", 0, 0, 0, 0, 0, 8, 0, 1, 2, 11
"c:\Users\asusvivobook\Desktop\Laravel\admin-movie\public\assets\scss\material-dashboard\_progress.scss", "SCSS", 0, 0, 0, 0, 0, 13, 0, 0, 3, 16
"c:\Users\asusvivobook\Desktop\Laravel\admin-movie\public\assets\scss\material-dashboard\_ripple.scss", "SCSS", 0, 0, 0, 0, 0, 11, 0, 1, 4, 16
"c:\Users\asusvivobook\Desktop\Laravel\admin-movie\public\assets\scss\material-dashboard\_rtl-extend.scss", "SCSS", 0, 0, 0, 0, 0, 59, 0, 0, 5, 64
"c:\Users\asusvivobook\Desktop\Laravel\admin-movie\public\assets\scss\material-dashboard\_rtl.scss", "SCSS", 0, 0, 0, 0, 0, 88, 0, 1, 17, 106
"c:\Users\asusvivobook\Desktop\Laravel\admin-movie\public\assets\scss\material-dashboard\_social-buttons.scss", "SCSS", 0, 0, 0, 0, 0, 41, 0, 1, 1, 43
"c:\Users\asusvivobook\Desktop\Laravel\admin-movie\public\assets\scss\material-dashboard\_tables.scss", "SCSS", 0, 0, 0, 0, 0, 44, 0, 2, 8, 54
"c:\Users\asusvivobook\Desktop\Laravel\admin-movie\public\assets\scss\material-dashboard\_tilt.scss", "SCSS", 0, 0, 0, 0, 0, 9, 0, 1, 2, 12
"c:\Users\asusvivobook\Desktop\Laravel\admin-movie\public\assets\scss\material-dashboard\_timeline.scss", "SCSS", 0, 0, 0, 0, 0, 97, 0, 9, 32, 138
"c:\Users\asusvivobook\Desktop\Laravel\admin-movie\public\assets\scss\material-dashboard\_tooltips.scss", "SCSS", 0, 0, 0, 0, 0, 8, 0, 0, 2, 10
"c:\Users\asusvivobook\Desktop\Laravel\admin-movie\public\assets\scss\material-dashboard\_typography.scss", "SCSS", 0, 0, 0, 0, 0, 244, 0, 11, 47, 302
"c:\Users\asusvivobook\Desktop\Laravel\admin-movie\public\assets\scss\material-dashboard\_utilities-extend.scss", "SCSS", 0, 0, 0, 0, 0, 10, 0, 0, 2, 12
"c:\Users\asusvivobook\Desktop\Laravel\admin-movie\public\assets\scss\material-dashboard\_utilities.scss", "SCSS", 0, 0, 0, 0, 0, 779, 0, 52, 2, 833
"c:\Users\asusvivobook\Desktop\Laravel\admin-movie\public\assets\scss\material-dashboard\_variables.scss", "SCSS", 0, 0, 0, 0, 0, 1213, 0, 138, 322, 1673
"c:\Users\asusvivobook\Desktop\Laravel\admin-movie\public\assets\scss\material-dashboard\badges\_badge-circle.scss", "SCSS", 0, 0, 0, 0, 0, 20, 0, 4, 6, 30
"c:\Users\asusvivobook\Desktop\Laravel\admin-movie\public\assets\scss\material-dashboard\badges\_badge-dot.scss", "SCSS", 0, 0, 0, 0, 0, 31, 0, 4, 8, 43
"c:\Users\asusvivobook\Desktop\Laravel\admin-movie\public\assets\scss\material-dashboard\badges\_badge-floating.scss", "SCSS", 0, 0, 0, 0, 0, 11, 0, 3, 4, 18
"c:\Users\asusvivobook\Desktop\Laravel\admin-movie\public\assets\scss\material-dashboard\badges\_badge.scss", "SCSS", 0, 0, 0, 0, 0, 53, 0, 12, 29, 94
"c:\Users\asusvivobook\Desktop\Laravel\admin-movie\public\assets\scss\material-dashboard\bootstrap\_accordion.scss", "SCSS", 0, 0, 0, 0, 0, 89, 0, 8, 22, 119
"c:\Users\asusvivobook\Desktop\Laravel\admin-movie\public\assets\scss\material-dashboard\bootstrap\_alert.scss", "SCSS", 0, 0, 0, 0, 0, 34, 0, 13, 11, 58
"c:\Users\asusvivobook\Desktop\Laravel\admin-movie\public\assets\scss\material-dashboard\bootstrap\_badge.scss", "SCSS", 0, 0, 0, 0, 0, 20, 0, 6, 4, 30
"c:\Users\asusvivobook\Desktop\Laravel\admin-movie\public\assets\scss\material-dashboard\bootstrap\_breadcrumb.scss", "SCSS", 0, 0, 0, 0, 0, 24, 0, 1, 4, 29
"c:\Users\asusvivobook\Desktop\Laravel\admin-movie\public\assets\scss\material-dashboard\bootstrap\_button-group.scss", "SCSS", 0, 0, 0, 0, 0, 90, 0, 23, 27, 140
"c:\Users\asusvivobook\Desktop\Laravel\admin-movie\public\assets\scss\material-dashboard\bootstrap\_buttons.scss", "SCSS", 0, 0, 0, 0, 0, 74, 0, 16, 22, 112
"c:\Users\asusvivobook\Desktop\Laravel\admin-movie\public\assets\scss\material-dashboard\bootstrap\_card.scss", "SCSS", 0, 0, 0, 0, 0, 154, 0, 27, 36, 217
"c:\Users\asusvivobook\Desktop\Laravel\admin-movie\public\assets\scss\material-dashboard\bootstrap\_carousel.scss", "SCSS", 0, 0, 0, 0, 0, 158, 0, 41, 31, 230
"c:\Users\asusvivobook\Desktop\Laravel\admin-movie\public\assets\scss\material-dashboard\bootstrap\_close.scss", "SCSS", 0, 0, 0, 0, 0, 30, 0, 5, 6, 41
"c:\Users\asusvivobook\Desktop\Laravel\admin-movie\public\assets\scss\material-dashboard\bootstrap\_containers.scss", "SCSS", 0, 0, 0, 0, 0, 27, 0, 8, 7, 42
"c:\Users\asusvivobook\Desktop\Laravel\admin-movie\public\assets\scss\material-dashboard\bootstrap\_dropdown.scss", "SCSS", 0, 0, 0, 0, 0, 186, 0, 19, 36, 241
"c:\Users\asusvivobook\Desktop\Laravel\admin-movie\public\assets\scss\material-dashboard\bootstrap\_forms.scss", "SCSS", 0, 0, 0, 0, 0, 9, 0, 0, 1, 10
"c:\Users\asusvivobook\Desktop\Laravel\admin-movie\public\assets\scss\material-dashboard\bootstrap\_functions.scss", "SCSS", 0, 0, 0, 0, 0, 214, 0, 43, 46, 303
"c:\Users\asusvivobook\Desktop\Laravel\admin-movie\public\assets\scss\material-dashboard\bootstrap\_grid.scss", "SCSS", 0, 0, 0, 0, 0, 20, 0, 6, 8, 34
"c:\Users\asusvivobook\Desktop\Laravel\admin-movie\public\assets\scss\material-dashboard\bootstrap\_helpers.scss", "SCSS", 0, 0, 0, 0, 0, 9, 0, 0, 1, 10
"c:\Users\asusvivobook\Desktop\Laravel\admin-movie\public\assets\scss\material-dashboard\bootstrap\_images.scss", "SCSS", 0, 0, 0, 0, 0, 22, 0, 13, 8, 43
"c:\Users\asusvivobook\Desktop\Laravel\admin-movie\public\assets\scss\material-dashboard\bootstrap\_list-group.scss", "SCSS", 0, 0, 0, 0, 0, 111, 0, 27, 37, 175
"c:\Users\asusvivobook\Desktop\Laravel\admin-movie\public\assets\scss\material-dashboard\bootstrap\_mixins.scss", "SCSS", 0, 0, 0, 0, 0, 26, 0, 10, 8, 44
"c:\Users\asusvivobook\Desktop\Laravel\admin-movie\public\assets\scss\material-dashboard\bootstrap\_modal.scss", "SCSS", 0, 0, 0, 0, 0, 146, 0, 33, 31, 210
"c:\Users\asusvivobook\Desktop\Laravel\admin-movie\public\assets\scss\material-dashboard\bootstrap\_nav.scss", "SCSS", 0, 0, 0, 0, 0, 96, 0, 20, 24, 140
"c:\Users\asusvivobook\Desktop\Laravel\admin-movie\public\assets\scss\material-dashboard\bootstrap\_navbar.scss", "SCSS", 0, 0, 0, 0, 0, 231, 0, 47, 58, 336
"c:\Users\asusvivobook\Desktop\Laravel\admin-movie\public\assets\scss\material-dashboard\bootstrap\_offcanvas.scss", "SCSS", 0, 0, 0, 0, 0, 73, 0, 0, 11, 84
"c:\Users\asusvivobook\Desktop\Laravel\admin-movie\public\assets\scss\material-dashboard\bootstrap\_pagination.scss", "SCSS", 0, 0, 0, 0, 0, 51, 0, 3, 11, 65
"c:\Users\asusvivobook\Desktop\Laravel\admin-movie\public\assets\scss\material-dashboard\bootstrap\_placeholders.scss", "SCSS", 0, 0, 0, 0, 0, 41, 0, 2, 9, 52
"c:\Users\asusvivobook\Desktop\Laravel\admin-movie\public\assets\scss\material-dashboard\bootstrap\_popover.scss", "SCSS", 0, 0, 0, 0, 0, 134, 0, 5, 20, 159
"c:\Users\asusvivobook\Desktop\Laravel\admin-movie\public\assets\scss\material-dashboard\bootstrap\_progress.scss", "SCSS", 0, 0, 0, 0, 0, 39, 0, 3, 7, 49
"c:\Users\asusvivobook\Desktop\Laravel\admin-movie\public\assets\scss\material-dashboard\bootstrap\_reboot.scss", "SCSS", 0, 0, 0, 0, 0, 336, 0, 148, 142, 626
"c:\Users\asusvivobook\Desktop\Laravel\admin-movie\public\assets\scss\material-dashboard\bootstrap\_root.scss", "SCSS", 0, 0, 0, 0, 0, 33, 0, 12, 10, 55
"c:\Users\asusvivobook\Desktop\Laravel\admin-movie\public\assets\scss\material-dashboard\bootstrap\_spinners.scss", "SCSS", 0, 0, 0, 0, 0, 49, 0, 12, 9, 70
"c:\Users\asusvivobook\Desktop\Laravel\admin-movie\public\assets\scss\material-dashboard\bootstrap\_tables.scss", "SCSS", 0, 0, 0, 0, 0, 82, 0, 43, 31, 156
"c:\Users\asusvivobook\Desktop\Laravel\admin-movie\public\assets\scss\material-dashboard\bootstrap\_toasts.scss", "SCSS", 0, 0, 0, 0, 0, 44, 0, 0, 8, 52
"c:\Users\asusvivobook\Desktop\Laravel\admin-movie\public\assets\scss\material-dashboard\bootstrap\_tooltip.scss", "SCSS", 0, 0, 0, 0, 0, 93, 0, 5, 18, 116
"c:\Users\asusvivobook\Desktop\Laravel\admin-movie\public\assets\scss\material-dashboard\bootstrap\_transitions.scss", "SCSS", 0, 0, 0, 0, 0, 21, 0, 2, 5, 28
"c:\Users\asusvivobook\Desktop\Laravel\admin-movie\public\assets\scss\material-dashboard\bootstrap\_type.scss", "SCSS", 0, 0, 0, 0, 0, 67, 0, 16, 22, 105
"c:\Users\asusvivobook\Desktop\Laravel\admin-movie\public\assets\scss\material-dashboard\bootstrap\_utilities.scss", "SCSS", 0, 0, 0, 0, 0, 584, 0, 44, 3, 631
"c:\Users\asusvivobook\Desktop\Laravel\admin-movie\public\assets\scss\material-dashboard\bootstrap\_variables.scss", "SCSS", 0, 0, 0, 0, 0, 1099, 0, 246, 297, 1642
"c:\Users\asusvivobook\Desktop\Laravel\admin-movie\public\assets\scss\material-dashboard\bootstrap\bootstrap-grid.scss", "SCSS", 0, 0, 0, 0, 0, 51, 0, 8, 9, 68
"c:\Users\asusvivobook\Desktop\Laravel\admin-movie\public\assets\scss\material-dashboard\bootstrap\bootstrap-reboot.scss", "SCSS", 0, 0, 0, 0, 0, 5, 0, 7, 2, 14
"c:\Users\asusvivobook\Desktop\Laravel\admin-movie\public\assets\scss\material-dashboard\bootstrap\bootstrap-utilities.scss", "SCSS", 0, 0, 0, 0, 0, 6, 0, 9, 4, 19
"c:\Users\asusvivobook\Desktop\Laravel\admin-movie\public\assets\scss\material-dashboard\bootstrap\bootstrap.scss", "SCSS", 0, 0, 0, 0, 0, 37, 0, 12, 5, 54
"c:\Users\asusvivobook\Desktop\Laravel\admin-movie\public\assets\scss\material-dashboard\bootstrap\forms\_floating-labels.scss", "SCSS", 0, 0, 0, 0, 0, 52, 0, 4, 8, 64
"c:\Users\asusvivobook\Desktop\Laravel\admin-movie\public\assets\scss\material-dashboard\bootstrap\forms\_form-check.scss", "SCSS", 0, 0, 0, 0, 0, 119, 0, 9, 25, 153
"c:\Users\asusvivobook\Desktop\Laravel\admin-movie\public\assets\scss\material-dashboard\bootstrap\forms\_form-control.scss", "SCSS", 0, 0, 0, 0, 0, 156, 0, 33, 31, 220
"c:\Users\asusvivobook\Desktop\Laravel\admin-movie\public\assets\scss\material-dashboard\bootstrap\forms\_form-range.scss", "SCSS", 0, 0, 0, 0, 0, 71, 0, 7, 14, 92
"c:\Users\asusvivobook\Desktop\Laravel\admin-movie\public\assets\scss\material-dashboard\bootstrap\forms\_form-select.scss", "SCSS", 0, 0, 0, 0, 0, 58, 0, 7, 8, 73
"c:\Users\asusvivobook\Desktop\Laravel\admin-movie\public\assets\scss\material-dashboard\bootstrap\forms\_form-text.scss", "SCSS", 0, 0, 0, 0, 0, 7, 0, 3, 2, 12
"c:\Users\asusvivobook\Desktop\Laravel\admin-movie\public\assets\scss\material-dashboard\bootstrap\forms\_input-group.scss", "SCSS", 0, 0, 0, 0, 0, 81, 0, 21, 20, 122
"c:\Users\asusvivobook\Desktop\Laravel\admin-movie\public\assets\scss\material-dashboard\bootstrap\forms\_labels.scss", "SCSS", 0, 0, 0, 0, 0, 27, 0, 5, 5, 37
"c:\Users\asusvivobook\Desktop\Laravel\admin-movie\public\assets\scss\material-dashboard\bootstrap\forms\_validation.scss", "SCSS", 0, 0, 0, 0, 0, 3, 0, 8, 2, 13
"c:\Users\asusvivobook\Desktop\Laravel\admin-movie\public\assets\scss\material-dashboard\bootstrap\helpers\_clearfix.scss", "SCSS", 0, 0, 0, 0, 0, 3, 0, 0, 1, 4
"c:\Users\asusvivobook\Desktop\Laravel\admin-movie\public\assets\scss\material-dashboard\bootstrap\helpers\_colored-links.scss", "SCSS", 0, 0, 0, 0, 0, 11, 0, 0, 2, 13
"c:\Users\asusvivobook\Desktop\Laravel\admin-movie\public\assets\scss\material-dashboard\bootstrap\helpers\_position.scss", "SCSS", 0, 0, 0, 0, 0, 24, 0, 2, 5, 31
"c:\Users\asusvivobook\Desktop\Laravel\admin-movie\public\assets\scss\material-dashboard\bootstrap\helpers\_ratio.scss", "SCSS", 0, 0, 0, 0, 0, 21, 0, 1, 5, 27
"c:\Users\asusvivobook\Desktop\Laravel\admin-movie\public\assets\scss\material-dashboard\bootstrap\helpers\_stacks.scss", "SCSS", 0, 0, 0, 0, 0, 12, 0, 2, 2, 16
"c:\Users\asusvivobook\Desktop\Laravel\admin-movie\public\assets\scss\material-dashboard\bootstrap\helpers\_stretched-link.scss", "SCSS", 0, 0, 0, 0, 0, 11, 0, 3, 2, 16
"c:\Users\asusvivobook\Desktop\Laravel\admin-movie\public\assets\scss\material-dashboard\bootstrap\helpers\_text-truncation.scss", "SCSS", 0, 0, 0, 0, 0, 3, 0, 3, 2, 8
"c:\Users\asusvivobook\Desktop\Laravel\admin-movie\public\assets\scss\material-dashboard\bootstrap\helpers\_visually-hidden.scss", "SCSS", 0, 0, 0, 0, 0, 4, 0, 3, 2, 9
"c:\Users\asusvivobook\Desktop\Laravel\admin-movie\public\assets\scss\material-dashboard\bootstrap\helpers\_vr.scss", "SCSS", 0, 0, 0, 0, 0, 8, 0, 0, 1, 9
"c:\Users\asusvivobook\Desktop\Laravel\admin-movie\public\assets\scss\material-dashboard\bootstrap\mixins\_alert.scss", "SCSS", 0, 0, 0, 0, 0, 8, 0, 2, 2, 12
"c:\Users\asusvivobook\Desktop\Laravel\admin-movie\public\assets\scss\material-dashboard\bootstrap\mixins\_backdrop.scss", "SCSS", 0, 0, 0, 0, 0, 11, 0, 2, 2, 15
"c:\Users\asusvivobook\Desktop\Laravel\admin-movie\public\assets\scss\material-dashboard\bootstrap\mixins\_border-radius.scss", "SCSS", 0, 0, 0, 0, 0, 63, 0, 5, 11, 79
"c:\Users\asusvivobook\Desktop\Laravel\admin-movie\public\assets\scss\material-dashboard\bootstrap\mixins\_box-shadow.scss", "SCSS", 0, 0, 0, 0, 0, 16, 0, 0, 3, 19
"c:\Users\asusvivobook\Desktop\Laravel\admin-movie\public\assets\scss\material-dashboard\bootstrap\mixins\_breakpoints.scss", "SCSS", 0, 0, 0, 0, 0, 73, 0, 44, 11, 128
"c:\Users\asusvivobook\Desktop\Laravel\admin-movie\public\assets\scss\material-dashboard\bootstrap\mixins\_buttons.scss", "SCSS", 0, 0, 0, 0, 0, 104, 0, 16, 14, 134
"c:\Users\asusvivobook\Desktop\Laravel\admin-movie\public\assets\scss\material-dashboard\bootstrap\mixins\_caret.scss", "SCSS", 0, 0, 0, 0, 0, 55, 0, 2, 8, 65
"c:\Users\asusvivobook\Desktop\Laravel\admin-movie\public\assets\scss\material-dashboard\bootstrap\mixins\_clearfix.scss", "SCSS", 0, 0, 0, 0, 0, 7, 0, 2, 1, 10
"c:\Users\asusvivobook\Desktop\Laravel\admin-movie\public\assets\scss\material-dashboard\bootstrap\mixins\_color-scheme.scss", "SCSS", 0, 0, 0, 0, 0, 5, 0, 2, 1, 8
"c:\Users\asusvivobook\Desktop\Laravel\admin-movie\public\assets\scss\material-dashboard\bootstrap\mixins\_container.scss", "SCSS", 0, 0, 0, 0, 0, 7, 0, 1, 2, 10
"c:\Users\asusvivobook\Desktop\Laravel\admin-movie\public\assets\scss\material-dashboard\bootstrap\mixins\_deprecate.scss", "SCSS", 0, 0, 0, 0, 0, 5, 0, 5, 1, 11
"c:\Users\asusvivobook\Desktop\Laravel\admin-movie\public\assets\scss\material-dashboard\bootstrap\mixins\_forms.scss", "SCSS", 0, 0, 0, 0, 0, 123, 0, 5, 17, 145
"c:\Users\asusvivobook\Desktop\Laravel\admin-movie\public\assets\scss\material-dashboard\bootstrap\mixins\_gradients.scss", "SCSS", 0, 0, 0, 0, 0, 27, 0, 11, 10, 48
"c:\Users\asusvivobook\Desktop\Laravel\admin-movie\public\assets\scss\material-dashboard\bootstrap\mixins\_grid.scss", "SCSS", 0, 0, 0, 0, 0, 107, 0, 24, 21, 152
"c:\Users\asusvivobook\Desktop\Laravel\admin-movie\public\assets\scss\material-dashboard\bootstrap\mixins\_image.scss", "SCSS", 0, 0, 0, 0, 0, 4, 0, 9, 4, 17
"c:\Users\asusvivobook\Desktop\Laravel\admin-movie\public\assets\scss\material-dashboard\bootstrap\mixins\_list-group.scss", "SCSS", 0, 0, 0, 0, 0, 18, 0, 3, 4, 25
"c:\Users\asusvivobook\Desktop\Laravel\admin-movie\public\assets\scss\material-dashboard\bootstrap\mixins\_lists.scss", "SCSS", 0, 0, 0, 0, 0, 4, 0, 2, 2, 8
"c:\Users\asusvivobook\Desktop\Laravel\admin-movie\public\assets\scss\material-dashboard\bootstrap\mixins\_pagination.scss", "SCSS", 0, 0, 0, 0, 0, 24, 0, 4, 4, 32
"c:\Users\asusvivobook\Desktop\Laravel\admin-movie\public\assets\scss\material-dashboard\bootstrap\mixins\_reset-text.scss", "SCSS", 0, 0, 0, 0, 0, 16, 0, 1, 1, 18
"c:\Users\asusvivobook\Desktop\Laravel\admin-movie\public\assets\scss\material-dashboard\bootstrap\mixins\_resize.scss", "SCSS", 0, 0, 0, 0, 0, 4, 0, 1, 2, 7
"c:\Users\asusvivobook\Desktop\Laravel\admin-movie\public\assets\scss\material-dashboard\bootstrap\mixins\_table-variants.scss", "SCSS", 0, 0, 0, 0, 0, 17, 0, 2, 3, 22
"c:\Users\asusvivobook\Desktop\Laravel\admin-movie\public\assets\scss\material-dashboard\bootstrap\mixins\_text-truncate.scss", "SCSS", 0, 0, 0, 0, 0, 5, 0, 2, 2, 9
"c:\Users\asusvivobook\Desktop\Laravel\admin-movie\public\assets\scss\material-dashboard\bootstrap\mixins\_transition.scss", "SCSS", 0, 0, 0, 0, 0, 22, 0, 1, 4, 27
"c:\Users\asusvivobook\Desktop\Laravel\admin-movie\public\assets\scss\material-dashboard\bootstrap\mixins\_utilities.scss", "SCSS", 0, 0, 0, 0, 0, 63, 0, 11, 16, 90
"c:\Users\asusvivobook\Desktop\Laravel\admin-movie\public\assets\scss\material-dashboard\bootstrap\mixins\_visually-hidden.scss", "SCSS", 0, 0, 0, 0, 0, 16, 0, 9, 5, 30
"c:\Users\asusvivobook\Desktop\Laravel\admin-movie\public\assets\scss\material-dashboard\bootstrap\utilities\_api.scss", "SCSS", 0, 0, 0, 0, 0, 29, 0, 12, 7, 48
"c:\Users\asusvivobook\Desktop\Laravel\admin-movie\public\assets\scss\material-dashboard\bootstrap\vendor\_rfs.scss", "SCSS", 0, 0, 0, 0, 0, 243, 0, 52, 60, 355
"c:\Users\asusvivobook\Desktop\Laravel\admin-movie\public\assets\scss\material-dashboard\cards\card-background.scss", "SCSS", 0, 0, 0, 0, 0, 72, 0, 0, 10, 82
"c:\Users\asusvivobook\Desktop\Laravel\admin-movie\public\assets\scss\material-dashboard\cards\card-blog.scss", "SCSS", 0, 0, 0, 0, 0, 15, 0, 0, 3, 18
"c:\Users\asusvivobook\Desktop\Laravel\admin-movie\public\assets\scss\material-dashboard\cards\card-horizontal.scss", "SCSS", 0, 0, 0, 0, 0, 20, 0, 0, 5, 25
"c:\Users\asusvivobook\Desktop\Laravel\admin-movie\public\assets\scss\material-dashboard\cards\card-pricing.scss", "SCSS", 0, 0, 0, 0, 0, 45, 0, 0, 4, 49
"c:\Users\asusvivobook\Desktop\Laravel\admin-movie\public\assets\scss\material-dashboard\cards\card-profile.scss", "SCSS", 0, 0, 0, 0, 0, 54, 0, 0, 6, 60
"c:\Users\asusvivobook\Desktop\Laravel\admin-movie\public\assets\scss\material-dashboard\cards\card-rotate.scss", "SCSS", 0, 0, 0, 0, 0, 128, 0, 1, 20, 149
"c:\Users\asusvivobook\Desktop\Laravel\admin-movie\public\assets\scss\material-dashboard\custom\_styles.scss", "SCSS", 0, 0, 0, 0, 0, 0, 0, 0, 1, 1
"c:\Users\asusvivobook\Desktop\Laravel\admin-movie\public\assets\scss\material-dashboard\custom\_variables.scss", "SCSS", 0, 0, 0, 0, 0, 0, 0, 0, 1, 1
"c:\Users\asusvivobook\Desktop\Laravel\admin-movie\public\assets\scss\material-dashboard\forms\_form-check.scss", "SCSS", 0, 0, 0, 0, 0, 79, 0, 0, 13, 92
"c:\Users\asusvivobook\Desktop\Laravel\admin-movie\public\assets\scss\material-dashboard\forms\_form-select.scss", "SCSS", 0, 0, 0, 0, 0, 3, 0, 0, 1, 4
"c:\Users\asusvivobook\Desktop\Laravel\admin-movie\public\assets\scss\material-dashboard\forms\_form-switch.scss", "SCSS", 0, 0, 0, 0, 0, 40, 0, 0, 4, 44
"c:\Users\asusvivobook\Desktop\Laravel\admin-movie\public\assets\scss\material-dashboard\forms\_forms.scss", "SCSS", 0, 0, 0, 0, 0, 6, 0, 0, 1, 7
"c:\Users\asusvivobook\Desktop\Laravel\admin-movie\public\assets\scss\material-dashboard\forms\_input-group.scss", "SCSS", 0, 0, 0, 0, 0, 275, 0, 0, 38, 313
"c:\Users\asusvivobook\Desktop\Laravel\admin-movie\public\assets\scss\material-dashboard\forms\_inputs.scss", "SCSS", 0, 0, 0, 0, 0, 39, 0, 0, 9, 48
"c:\Users\asusvivobook\Desktop\Laravel\admin-movie\public\assets\scss\material-dashboard\forms\_labels.scss", "SCSS", 0, 0, 0, 0, 0, 16, 0, 3, 3, 22
"c:\Users\asusvivobook\Desktop\Laravel\admin-movie\public\assets\scss\material-dashboard\mixins\_badge.scss", "SCSS", 0, 0, 0, 0, 0, 11, 0, 0, 2, 13
"c:\Users\asusvivobook\Desktop\Laravel\admin-movie\public\assets\scss\material-dashboard\mixins\_buttons.scss", "SCSS", 0, 0, 0, 0, 0, 10, 0, 1, 2, 13
"c:\Users\asusvivobook\Desktop\Laravel\admin-movie\public\assets\scss\material-dashboard\mixins\_colored-shadows.scss", "SCSS", 0, 0, 0, 0, 0, 4, 0, 1, 1, 6
"c:\Users\asusvivobook\Desktop\Laravel\admin-movie\public\assets\scss\material-dashboard\mixins\_hover.scss", "SCSS", 0, 0, 0, 0, 0, 23, 0, 0, 5, 28
"c:\Users\asusvivobook\Desktop\Laravel\admin-movie\public\assets\scss\material-dashboard\mixins\_social-buttons.scss", "SCSS", 0, 0, 0, 0, 0, 39, 0, 1, 7, 47
"c:\Users\asusvivobook\Desktop\Laravel\admin-movie\public\assets\scss\material-dashboard\mixins\_vendor.scss", "SCSS", 0, 0, 0, 0, 0, 49, 0, 0, 3, 52
"c:\Users\asusvivobook\Desktop\Laravel\admin-movie\public\assets\scss\material-dashboard\mixins\mixins.scss", "SCSS", 0, 0, 0, 0, 0, 6, 0, 0, 1, 7
"c:\Users\asusvivobook\Desktop\Laravel\admin-movie\public\assets\scss\material-dashboard\plugins\free\_flatpickr.scss", "SCSS", 0, 0, 0, 0, 0, 834, 0, 26, 19, 879
"c:\Users\asusvivobook\Desktop\Laravel\admin-movie\public\assets\scss\material-dashboard\plugins\free\_nouislider.scss", "SCSS", 0, 0, 0, 0, 0, 259, 0, 36, 4, 299
"c:\Users\asusvivobook\Desktop\Laravel\admin-movie\public\assets\scss\material-dashboard\plugins\free\_perfect-scrollbar.scss", "SCSS", 0, 0, 0, 0, 0, 87, 0, 18, 12, 117
"c:\Users\asusvivobook\Desktop\Laravel\admin-movie\public\assets\scss\material-dashboard\plugins\free\_prism.scss", "SCSS", 0, 0, 0, 0, 0, 112, 0, 10, 21, 143
"c:\Users\asusvivobook\Desktop\Laravel\admin-movie\public\assets\scss\material-dashboard\plugins\free\plugins.scss", "SCSS", 0, 0, 0, 0, 0, 4, 0, 0, 1, 5
"c:\Users\asusvivobook\Desktop\Laravel\admin-movie\public\assets\scss\material-dashboard\plugins\pro\_carousel-slick.scss", "SCSS", 0, 0, 0, 0, 0, 96, 0, 0, 7, 103
"c:\Users\asusvivobook\Desktop\Laravel\admin-movie\public\assets\scss\material-dashboard\plugins\pro\_choices.scss", "SCSS", 0, 0, 0, 0, 0, 377, 0, 9, 70, 456
"c:\Users\asusvivobook\Desktop\Laravel\admin-movie\public\assets\scss\material-dashboard\plugins\pro\_datatable-extend.scss", "SCSS", 0, 0, 0, 0, 0, 117, 0, 5, 5, 127
"c:\Users\asusvivobook\Desktop\Laravel\admin-movie\public\assets\scss\material-dashboard\plugins\pro\_datatable.scss", "SCSS", 0, 0, 0, 0, 0, 143, 0, 6, 31, 180
"c:\Users\asusvivobook\Desktop\Laravel\admin-movie\public\assets\scss\material-dashboard\plugins\pro\_dragula.scss", "SCSS", 0, 0, 0, 0, 0, 22, 0, 0, 1, 23
"c:\Users\asusvivobook\Desktop\Laravel\admin-movie\public\assets\scss\material-dashboard\plugins\pro\_dropzone.scss", "SCSS", 0, 0, 0, 0, 0, 390, 0, 5, 2, 397
"c:\Users\asusvivobook\Desktop\Laravel\admin-movie\public\assets\scss\material-dashboard\plugins\pro\_fullcalendar-extend.scss", "SCSS", 0, 0, 0, 0, 0, 75, 0, 6, 16, 97
"c:\Users\asusvivobook\Desktop\Laravel\admin-movie\public\assets\scss\material-dashboard\plugins\pro\_fullcalendar.scss", "SCSS", 0, 0, 0, 0, 0, 1199, 0, 103, 133, 1435
"c:\Users\asusvivobook\Desktop\Laravel\admin-movie\public\assets\scss\material-dashboard\plugins\pro\_glidejs.scss", "SCSS", 0, 0, 0, 0, 0, 147, 0, 5, 28, 180
"c:\Users\asusvivobook\Desktop\Laravel\admin-movie\public\assets\scss\material-dashboard\plugins\pro\_highlight.scss", "SCSS", 0, 0, 0, 0, 0, 66, 0, 5, 13, 84
"c:\Users\asusvivobook\Desktop\Laravel\admin-movie\public\assets\scss\material-dashboard\plugins\pro\_kanban.scss", "SCSS", 0, 0, 0, 0, 0, 132, 0, 1, 26, 159
"c:\Users\asusvivobook\Desktop\Laravel\admin-movie\public\assets\scss\material-dashboard\plugins\pro\_leaflet.scss", "SCSS", 0, 0, 0, 0, 0, 574, 0, 25, 58, 657
"c:\Users\asusvivobook\Desktop\Laravel\admin-movie\public\assets\scss\material-dashboard\plugins\pro\_list-check.scss", "SCSS", 0, 0, 0, 0, 0, 13, 0, 1, 4, 18
"c:\Users\asusvivobook\Desktop\Laravel\admin-movie\public\assets\scss\material-dashboard\plugins\pro\_photoswipe.scss", "SCSS", 0, 0, 0, 0, 0, 131, 0, 31, 21, 183
"c:\Users\asusvivobook\Desktop\Laravel\admin-movie\public\assets\scss\material-dashboard\plugins\pro\_quill.scss", "SCSS", 0, 0, 0, 0, 0, 943, 0, 6, 1, 950
"c:\Users\asusvivobook\Desktop\Laravel\admin-movie\public\assets\scss\material-dashboard\plugins\pro\_rating-widget.scss", "SCSS", 0, 0, 0, 0, 0, 27, 0, 2, 8, 37
"c:\Users\asusvivobook\Desktop\Laravel\admin-movie\public\assets\scss\material-dashboard\plugins\pro\_sweetalert2-extend.scss", "SCSS", 0, 0, 0, 0, 0, 59, 0, 0, 12, 71
"c:\Users\asusvivobook\Desktop\Laravel\admin-movie\public\assets\scss\material-dashboard\plugins\pro\_sweetalert2.scss", "SCSS", 0, 0, 0, 0, 0, 1290, 0, 0, 33, 1323
"c:\Users\asusvivobook\Desktop\Laravel\admin-movie\public\assets\scss\material-dashboard\plugins\pro\_vector-map.scss", "SCSS", 0, 0, 0, 0, 0, 112, 0, 0, 20, 132
"c:\Users\asusvivobook\Desktop\Laravel\admin-movie\public\assets\scss\material-dashboard\plugins\pro\multi-step.scss", "SCSS", 0, 0, 0, 0, 0, 164, 0, 1, 24, 189
"c:\Users\asusvivobook\Desktop\Laravel\admin-movie\public\assets\scss\material-dashboard\plugins\pro\plugins-extend.scss", "SCSS", 0, 0, 0, 0, 0, 21, 0, 0, 2, 23
"c:\Users\asusvivobook\Desktop\Laravel\admin-movie\public\assets\scss\material-dashboard\theme-pro.scss", "SCSS", 0, 0, 0, 0, 0, 12, 0, 20, 6, 38
"c:\Users\asusvivobook\Desktop\Laravel\admin-movie\public\assets\scss\material-dashboard\theme.scss", "SCSS", 0, 0, 0, 0, 0, 36, 0, 22, 6, 64
"c:\Users\asusvivobook\Desktop\Laravel\admin-movie\public\assets\scss\material-dashboard\variables\_animations.scss", "SCSS", 0, 0, 0, 0, 0, 35, 0, 2, 9, 46
"c:\Users\asusvivobook\Desktop\Laravel\admin-movie\public\assets\scss\material-dashboard\variables\_avatars.scss", "SCSS", 0, 0, 0, 0, 0, 18, 0, 2, 9, 29
"c:\Users\asusvivobook\Desktop\Laravel\admin-movie\public\assets\scss\material-dashboard\variables\_badge.scss", "SCSS", 0, 0, 0, 0, 0, 28, 0, 4, 9, 41
"c:\Users\asusvivobook\Desktop\Laravel\admin-movie\public\assets\scss\material-dashboard\variables\_breadcrumb.scss", "SCSS", 0, 0, 0, 0, 0, 5, 0, 0, 1, 6
"c:\Users\asusvivobook\Desktop\Laravel\admin-movie\public\assets\scss\material-dashboard\variables\_cards-extend.scss", "SCSS", 0, 0, 0, 0, 0, 25, 0, 2, 2, 29
"c:\Users\asusvivobook\Desktop\Laravel\admin-movie\public\assets\scss\material-dashboard\variables\_cards.scss", "SCSS", 0, 0, 0, 0, 0, 52, 0, 1, 13, 66
"c:\Users\asusvivobook\Desktop\Laravel\admin-movie\public\assets\scss\material-dashboard\variables\_choices.scss", "SCSS", 0, 0, 0, 0, 0, 8, 0, 0, 1, 9
"c:\Users\asusvivobook\Desktop\Laravel\admin-movie\public\assets\scss\material-dashboard\variables\_dark-version.scss", "SCSS", 0, 0, 0, 0, 0, 9, 0, 0, 1, 10
"c:\Users\asusvivobook\Desktop\Laravel\admin-movie\public\assets\scss\material-dashboard\variables\_dropdowns.scss", "SCSS", 0, 0, 0, 0, 0, 39, 0, 1, 14, 54
"c:\Users\asusvivobook\Desktop\Laravel\admin-movie\public\assets\scss\material-dashboard\variables\_fixed-plugin.scss", "SCSS", 0, 0, 0, 0, 0, 7, 0, 0, 1, 8
"c:\Users\asusvivobook\Desktop\Laravel\admin-movie\public\assets\scss\material-dashboard\variables\_form-switch.scss", "SCSS", 0, 0, 0, 0, 0, 3, 0, 0, 1, 4
"c:\Users\asusvivobook\Desktop\Laravel\admin-movie\public\assets\scss\material-dashboard\variables\_full-calendar.scss", "SCSS", 0, 0, 0, 0, 0, 4, 0, 0, 3, 7
"c:\Users\asusvivobook\Desktop\Laravel\admin-movie\public\assets\scss\material-dashboard\variables\_header.scss", "SCSS", 0, 0, 0, 0, 0, 21, 0, 0, 4, 25
"c:\Users\asusvivobook\Desktop\Laravel\admin-movie\public\assets\scss\material-dashboard\variables\_info-areas.scss", "SCSS", 0, 0, 0, 0, 0, 28, 0, 0, 5, 33
"c:\Users\asusvivobook\Desktop\Laravel\admin-movie\public\assets\scss\material-dashboard\variables\_misc-extend.scss", "SCSS", 0, 0, 0, 0, 0, 31, 0, 5, 13, 49
"c:\Users\asusvivobook\Desktop\Laravel\admin-movie\public\assets\scss\material-dashboard\variables\_misc.scss", "SCSS", 0, 0, 0, 0, 0, 32, 0, 10, 18, 60
"c:\Users\asusvivobook\Desktop\Laravel\admin-movie\public\assets\scss\material-dashboard\variables\_navbar-vertical.scss", "SCSS", 0, 0, 0, 0, 0, 56, 0, 4, 6, 66
"c:\Users\asusvivobook\Desktop\Laravel\admin-movie\public\assets\scss\material-dashboard\variables\_navbar.scss", "SCSS", 0, 0, 0, 0, 0, 14, 0, 1, 3, 18
"c:\Users\asusvivobook\Desktop\Laravel\admin-movie\public\assets\scss\material-dashboard\variables\_pagination.scss", "SCSS", 0, 0, 0, 0, 0, 14, 0, 1, 5, 20
"c:\Users\asusvivobook\Desktop\Laravel\admin-movie\public\assets\scss\material-dashboard\variables\_ripple.scss", "SCSS", 0, 0, 0, 0, 0, 26, 0, 1, 6, 33
"c:\Users\asusvivobook\Desktop\Laravel\admin-movie\public\assets\scss\material-dashboard\variables\_rtl.scss", "SCSS", 0, 0, 0, 0, 0, 1, 0, 0, 1, 2
"c:\Users\asusvivobook\Desktop\Laravel\admin-movie\public\assets\scss\material-dashboard\variables\_social-buttons.scss", "SCSS", 0, 0, 0, 0, 0, 26, 0, 1, 2, 29
"c:\Users\asusvivobook\Desktop\Laravel\admin-movie\public\assets\scss\material-dashboard\variables\_table.scss", "SCSS", 0, 0, 0, 0, 0, 16, 0, 0, 4, 20
"c:\Users\asusvivobook\Desktop\Laravel\admin-movie\public\assets\scss\material-dashboard\variables\_timeline.scss", "SCSS", 0, 0, 0, 0, 0, 15, 0, 1, 5, 21
"c:\Users\asusvivobook\Desktop\Laravel\admin-movie\public\assets\scss\material-dashboard\variables\_utilities-extend.scss", "SCSS", 0, 0, 0, 0, 0, 21, 0, 6, 6, 33
"c:\Users\asusvivobook\Desktop\Laravel\admin-movie\public\assets\scss\material-dashboard\variables\_utilities.scss", "SCSS", 0, 0, 0, 0, 0, 159, 0, 14, 19, 192
"c:\Users\asusvivobook\Desktop\Laravel\admin-movie\public\assets\scss\material-dashboard\variables\_virtual-reality.scss", "SCSS", 0, 0, 0, 0, 0, 5, 0, 0, 1, 6
"c:\Users\asusvivobook\Desktop\Laravel\admin-movie\public\index.php", "PHP", 0, 0, 9, 0, 0, 0, 0, 3, 6, 18
"c:\Users\asusvivobook\Desktop\Laravel\admin-movie\resources\css\app.css", "CSS", 0, 0, 0, 0, 3, 0, 0, 0, 1, 4
"c:\Users\asusvivobook\Desktop\Laravel\admin-movie\resources\css\material-dashboard.css", "CSS", 0, 0, 0, 0, 15552, 0, 0, 139, 1844, 17535
"c:\Users\asusvivobook\Desktop\Laravel\admin-movie\resources\css\material-dashboard.min.css", "CSS", 0, 0, 0, 0, 3, 0, 0, 21, 2, 26
"c:\Users\asusvivobook\Desktop\Laravel\admin-movie\resources\css\nucleo-icons.css", "CSS", 0, 0, 0, 0, 441, 0, 0, 28, 128, 597
"c:\Users\asusvivobook\Desktop\Laravel\admin-movie\resources\css\nucleo-svg.css", "CSS", 0, 0, 0, 0, 77, 0, 0, 34, 24, 135
"c:\Users\asusvivobook\Desktop\Laravel\admin-movie\resources\js\app.js", "JavaScript", 1, 0, 0, 0, 0, 0, 0, 0, 1, 2
"c:\Users\asusvivobook\Desktop\Laravel\admin-movie\resources\js\bootstrap.js", "JavaScript", 4, 0, 0, 0, 0, 0, 0, 23, 8, 35
"c:\Users\asusvivobook\Desktop\Laravel\admin-movie\resources\sass\_variables.scss", "SCSS", 0, 0, 0, 0, 0, 4, 0, 2, 2, 8
"c:\Users\asusvivobook\Desktop\Laravel\admin-movie\resources\sass\app.scss", "SCSS", 0, 0, 0, 0, 0, 3, 0, 3, 3, 9
"c:\Users\asusvivobook\Desktop\Laravel\admin-movie\resources\views\components\admin\navbar.blade.php", "PHP", 0, 0, 137, 0, 0, 0, 0, 0, 2, 139
"c:\Users\asusvivobook\Desktop\Laravel\admin-movie\resources\views\components\admin\sidebar.blade.php", "PHP", 0, 0, 83, 0, 0, 0, 0, 0, 5, 88
"c:\Users\asusvivobook\Desktop\Laravel\admin-movie\resources\views\components\layout.blade.php", "PHP", 0, 0, 33, 0, 0, 0, 0, 0, 7, 40
"c:\Users\asusvivobook\Desktop\Laravel\admin-movie\resources\views\dashboard\movie\movie-create.blade.php", "PHP", 0, 0, 176, 0, 0, 0, 0, 0, 24, 200
"c:\Users\asusvivobook\Desktop\Laravel\admin-movie\resources\views\dashboard\movie\movie-edit.blade.php", "PHP", 0, 0, 173, 0, 0, 0, 0, 0, 21, 194
"c:\Users\asusvivobook\Desktop\Laravel\admin-movie\resources\views\dashboard\movie\movie-list.blade.php", "PHP", 0, 0, 158, 0, 0, 0, 0, 0, 11, 169
"c:\Users\asusvivobook\Desktop\Laravel\admin-movie\resources\views\dashboard\movie\movie-trash-list.blade.php", "PHP", 0, 0, 192, 0, 0, 0, 0, 0, 11, 203
"c:\Users\asusvivobook\Desktop\Laravel\admin-movie\resources\views\dashboard\panel.blade.php", "PHP", 0, 0, 283, 0, 0, 0, 0, 0, 9, 292
"c:\Users\asusvivobook\Desktop\Laravel\admin-movie\resources\views\dashboard\test.blade.php", "PHP", 0, 0, 10, 0, 0, 0, 0, 0, 3, 13
"c:\Users\asusvivobook\Desktop\Laravel\admin-movie\resources\views\dashboard\user\user-create.blade.php", "PHP", 0, 0, 119, 0, 0, 0, 0, 0, 18, 137
"c:\Users\asusvivobook\Desktop\Laravel\admin-movie\resources\views\dashboard\user\user-edit.blade.php", "PHP", 0, 0, 117, 0, 0, 0, 0, 0, 19, 136
"c:\Users\asusvivobook\Desktop\Laravel\admin-movie\resources\views\dashboard\user\user-list.blade.php", "PHP", 0, 0, 101, 0, 0, 0, 0, 0, 1, 102
"c:\Users\asusvivobook\Desktop\Laravel\admin-movie\resources\views\dashboard\user\user-profile.blade.php", "PHP", 0, 0, 55, 0, 0, 0, 0, 0, 3, 58
"c:\Users\asusvivobook\Desktop\Laravel\admin-movie\resources\views\welcome.blade.php", "PHP", 0, 0, 1, 0, 0, 0, 0, 0, 1, 2
"c:\Users\asusvivobook\Desktop\Laravel\admin-movie\routes\api.php", "PHP", 0, 0, 32, 0, 0, 0, 0, 3, 8, 43
"c:\Users\asusvivobook\Desktop\Laravel\admin-movie\routes\console.php", "PHP", 0, 0, 6, 0, 0, 0, 0, 0, 3, 9
"c:\Users\asusvivobook\Desktop\Laravel\admin-movie\routes\web.php", "PHP", 0, 0, 15, 0, 0, 0, 0, 5, 14, 34
"c:\Users\asusvivobook\Desktop\Laravel\admin-movie\tailwind.config.js", "JavaScript", 18, 0, 0, 0, 0, 0, 0, 1, 2, 21
"c:\Users\asusvivobook\Desktop\Laravel\admin-movie\tests\Feature\ExampleTest.php", "PHP", 0, 0, 11, 0, 0, 0, 0, 4, 5, 20
"c:\Users\asusvivobook\Desktop\Laravel\admin-movie\tests\TestCase.php", "PHP", 0, 0, 6, 0, 0, 0, 0, 1, 4, 11
"c:\Users\asusvivobook\Desktop\Laravel\admin-movie\tests\Unit\ExampleTest.php", "PHP", 0, 0, 10, 0, 0, 0, 0, 3, 4, 17
"c:\Users\asusvivobook\Desktop\Laravel\admin-movie\vite.config.js", "JavaScript", 13, 0, 0, 0, 0, 0, 0, 0, 2, 15
"Total", "-", 6754, 1046, 3825, 11701, 33464, 20956, 45, 4172, 9080, 91043